Date,Open,High,Low,Close,Adj Close,Volume
10/3/2016,519.049988,520.400024,513.25,518.924988,446.040192,183024
10/4/2016,520,525.549988,519,524.400024,450.746277,219896
10/5/2016,524.349976,524.75,518.5,520.575012,447.458466,127792
10/6/2016,520.5,520.575012,512.5,513.325012,441.226807,223030
10/7/2016,515,516.375,505.024994,506.325012,435.209961,775506
10/10/2016,507.274994,516,505,514.775024,442.473114,415070
10/13/2016,514.724976,528.75,512.275024,526.025024,452.143097,701788
10/14/2016,530,540.349976,498.075012,513.700012,441.549103,3713156
10/17/2016,518,520.875,508.950012,511.024994,439.249786,467654
10/18/2016,515,519.950012,513.700012,519.099976,446.190674,279934
10/19/2016,521,522.525024,517.5,520.799988,447.651855,252370
10/20/2016,520.549988,524.974976,517.5,518.474976,445.653442,213322
10/21/2016,517.5,520.5,512.525024,519.049988,455.818359,140864
10/24/2016,520,521,513.5,514.5,451.822662,151990
10/25/2016,514.950012,517.950012,507.75,508.674988,446.707275,225310
10/26/2016,510,510.299988,505.049988,507.424988,445.609528,285510
10/27/2016,507.950012,509.899994,502.174988,503.075012,441.78949,243686
10/28/2016,503.5,504.899994,497,498.725006,437.969421,473538
11/1/2016,504.924988,504.924988,493,494.424988,434.193207,460658
11/2/2016,494,494,490,490.549988,430.790283,282598
11/3/2016,492.25,492.25,482.549988,483.450012,424.555267,418810
11/4/2016,483.450012,489.424988,481,485.399994,426.267639,406896
11/7/2016,491.125,495,487.799988,489.375,429.758453,213416
11/8/2016,493.024994,495,485.475006,491.399994,431.536743,294210
11/9/2016,470,486.850006,450.149994,477.924988,419.703278,816640
11/10/2016,480.524994,482.600006,467.5,469.299988,412.128967,542896
11/11/2016,470,471,459.5,460.924988,404.774261,431212
11/15/2016,461,469,454.774994,462.375,406.047607,489250
11/16/2016,463.049988,478.350006,463.049988,470.049988,412.787628,364868
11/17/2016,467.399994,474.5,463.125,464.774994,408.155243,271942
11/18/2016,464.899994,466.450012,459,459.899994,403.874146,208634
11/21/2016,465.450012,465.450012,453.375,455.575012,400.076019,264722
11/22/2016,460.875,464,456,456.975006,401.30545,206896
11/23/2016,462,462,456.600006,460.25,404.181519,342490
11/24/2016,461.649994,470,461.450012,466.350006,409.538452,701266
11/25/2016,465.149994,492.450012,465.149994,488.649994,429.121765,793304
11/28/2016,497.399994,497.399994,485.325012,489.825012,430.153595,751482
11/29/2016,491.5,491.725006,483.700012,486.325012,427.080017,219656
11/30/2016,485,488.75,481,487.725006,428.309418,283270
12/1/2016,488,492,484.725006,488.024994,428.572845,199366
12/2/2016,484.5,484.950012,480.5,482.049988,423.325775,179072
12/5/2016,482.5,484.100006,478.950012,480.700012,422.140259,171756
12/6/2016,483.25,489.350006,481.350006,483.475006,424.577148,224978
12/7/2016,483.600006,486.299988,480.450012,483.299988,424.423462,246150
12/8/2016,483.299988,493.899994,483.299988,492.375,432.392944,171652
12/9/2016,493.25,503.524994,491.5,493.674988,433.534576,380888
12/12/2016,490.5,490.75,482.725006,488.75,429.209534,367306
12/13/2016,488.5,495.924988,486.75,495.024994,434.720123,235684
12/14/2016,495.774994,502,492,499.524994,438.671936,662176
12/15/2016,498.950012,509.450012,495,496.625,436.125214,518290
12/16/2016,499.600006,504.5,499,502.100006,440.933228,225466
12/19/2016,502.5,503.024994,497.100006,501.100006,440.055115,160082
12/20/2016,499,509.475006,499,505.200012,443.655609,258020
12/21/2016,507.5,510.475006,500.524994,501.850006,440.713684,235178
12/22/2016,501.450012,503.450012,485.100006,492.600006,432.590546,697086
12/23/2016,490.674988,503.299988,487.5,494.649994,434.390839,309358
12/26/2016,494.5,496.924988,488,491.5,431.624573,215496
12/27/2016,491.549988,501.450012,491.125,499.625,438.759735,265036
12/28/2016,499.75,504.875,497.600006,499.575012,438.715851,904866
12/29/2016,500,503.725006,493.200012,497.049988,436.498444,330410
12/30/2016,497.625,506,496.5,505.350006,443.787323,435362
1/2/2017,506,506.549988,500,500.799988,439.791595,149166
1/3/2017,501.174988,502.950012,490.399994,497.325012,436.73999,836682
1/4/2017,497.299988,501.649994,496.850006,499.149994,438.342621,285694
1/5/2017,499.5,504.5,494.549988,498.200012,437.508331,1041350
1/6/2017,496.5,499.475006,484.225006,485.725006,426.55307,1775486
1/9/2017,487,488.424988,482.5,485.274994,426.157867,514348
1/10/2017,488.125,490.475006,484,485.299988,426.17984,915238
1/11/2017,489,489,482,484.5,425.477295,386514
1/12/2017,486.125,502.200012,486.125,500.024994,439.110992,523522
1/13/2017,513.174988,522.5,482,487.575012,428.177734,2533116
1/16/2017,482.5,482.75,476.25,477.850006,419.637421,549810
1/17/2017,479.899994,482.375,477,478.024994,419.791077,422168
1/18/2017,479,480.5,475,475.450012,417.529785,322052
1/19/2017,475.5,480.149994,474.799988,479.274994,420.888855,569266
1/20/2017,476.5,477.5,473,474.399994,416.607697,442096
1/23/2017,473.5,478.75,469.75,475.875,417.902985,354426
1/24/2017,476.424988,476.5,470.075012,472.549988,414.983063,251256
1/25/2017,474.375,475,467.5,468.325012,411.272797,445980
1/27/2017,467.5,474,463.200012,471.075012,413.687775,638822
1/30/2017,469.350006,475.950012,464.825012,474.174988,416.410095,984710
1/31/2017,471.950012,473.5,452.5,464.649994,408.045502,1741710
2/1/2017,460.950012,461.600006,453,458.274994,402.447052,668214
2/2/2017,458,472.600006,455.5,467.674988,410.701935,914706
2/3/2017,467,470.350006,460.75,467.475006,410.526337,676650
2/6/2017,469.5,470.825012,465.5,467.225006,410.306763,413250
2/7/2017,467.450012,474.700012,464.524994,472.375,414.829407,508904
2/8/2017,470,471.975006,466.174988,468.225006,411.184967,378678
2/9/2017,468,474.950012,468,474.049988,416.300323,661350
2/10/2017,472.5,485.899994,472,484.024994,425.06015,2370062
2/13/2017,487.5,492.5,481.549988,491.75,431.844116,946460
2/14/2017,491.274994,494.25,486.350006,493.649994,433.512665,1006810
2/15/2017,491.075012,499,484.950012,491.174988,431.339111,589518
2/16/2017,496,507.399994,495,505.950012,444.314209,748136
2/17/2017,505.950012,506.024994,496.700012,499.850006,438.957336,315124
2/20/2017,499.450012,514.049988,496.75,505.850006,444.22644,268084
2/21/2017,510,512.400024,500.049988,506.475006,444.775269,527326
2/22/2017,506.350006,507.5,494.125,495.924988,435.510468,328246
2/23/2017,495.5,509.950012,495.5,504.524994,443.062775,402946
2/27/2017,502.75,511.225006,502.75,506.375,444.687439,307630
2/28/2017,505.5,510.924988,504.5,506.149994,444.489868,161744
3/1/2017,507.299988,513.099976,505.899994,512.5,450.066315,305380
3/2/2017,512.5,513.950012,508.049988,510.325012,448.15625,192436
3/3/2017,505.049988,517.125,500.25,515.575012,452.766663,372816
3/6/2017,509.899994,517.950012,509,516.924988,453.95224,310080
3/7/2017,512,512.75,507.5,509.850006,447.739105,238932
3/8/2017,510,510,502.125,503.625,442.27243,225212
3/9/2017,503.625,506.5,499.5,505.799988,444.182495,184560
3/10/2017,505.850006,513.75,505.850006,510.049988,447.914734,339350
3/14/2017,516.25,520.875,511.825012,517.5,454.457184,338488
3/15/2017,517.5,517.5,504,506.049988,444.402039,223702
3/16/2017,506,516,506,514.25,451.603058,206790
3/17/2017,517.5,521.25,510.225006,520,456.652618,222074
3/20/2017,514.5,514.5,507.950012,510.299988,448.134308,274124
3/21/2017,510.5,517.400024,509.450012,516,453.139923,202336
3/22/2017,510,519.5,510,513.900024,451.295715,232136
3/23/2017,514,521.275024,513.275024,520.299988,456.916077,214376
3/24/2017,520.200012,521.974976,513,515.900024,453.052094,277458
3/27/2017,516.5,520.974976,512.150024,514.400024,451.734833,501334
3/28/2017,513.125,519.375,513.125,517.549988,454.501099,142376
3/29/2017,517.5,520.25,512.924988,515.674988,452.854492,683436
3/30/2017,517.099976,517.924988,510.049988,512.25,449.846741,278044
3/31/2017,513,514.400024,504.899994,510.399994,448.222107,633410
4/3/2017,513.549988,515.25,503.274994,504.725006,443.238495,314934
4/5/2017,502.5,503,495.5,497.700012,437.069275,350290
4/6/2017,497.549988,502.899994,496,499.575012,438.715851,179094
4/7/2017,500,500,489.5,490.625,430.85614,429724
4/10/2017,491,495.5,475,476.475006,418.429901,663532
4/11/2017,477.5,485.600006,477.5,483.575012,424.664978,315436
4/12/2017,486,488.024994,480.524994,484.399994,425.389496,424198
4/13/2017,487,495.475006,463.5,465.700012,408.96759,3105136
4/17/2017,466,466.174988,460.950012,462.399994,406.069519,560292
4/18/2017,462.5,467,459.774994,461.200012,405.015808,541460
4/19/2017,464.899994,464.899994,456,459.399994,403.435028,617536
4/20/2017,460,464.899994,459.524994,463.825012,407.320953,374244
4/21/2017,467.100006,467.100006,460.649994,461.850006,405.586578,276078
4/24/2017,459.399994,464,456.5,463.024994,406.618378,394564
4/25/2017,464.899994,466.5,460.25,464.5,407.913727,323832
4/26/2017,466.5,467.350006,455.200012,457.024994,401.349304,531640
4/27/2017,460,463.225006,458,461.975006,405.696381,253232
4/28/2017,462.524994,463.25,458.450012,459.700012,403.698517,207394
5/2/2017,462.399994,462.875,457.825012,460.5,404.401031,155490
5/3/2017,462.149994,469.399994,459.100006,467.825012,410.83371,448300
5/4/2017,467.5,469.600006,464.575012,468.149994,411.119049,212092
5/5/2017,468,468.200012,460.625,465.75,409.011414,215106
5/8/2017,468,474.225006,466.375,472.725006,415.136749,307532
5/9/2017,474.950012,475.5,471.125,473.350006,415.685608,402626
5/10/2017,473.5,474.850006,468.600006,471.600006,414.148834,159882
5/11/2017,472.5,474.350006,468.875,471.924988,414.434235,129714
5/12/2017,475,482.850006,475,481.950012,423.237976,1678658
5/15/2017,482.5,482.850006,474.625,475.975006,417.990845,300740
5/16/2017,476,480.075012,474,478.25,419.988708,253142
5/17/2017,477.5,479.149994,472.100006,476.100006,418.100586,2786304
5/18/2017,474.5,486.924988,472,480.850006,422.271942,1325246
5/19/2017,478,481.375,473.899994,478.950012,420.603424,246164
5/22/2017,478.899994,483.25,478.274994,479.875,421.415771,484346
5/23/2017,481.5,483.375,476.924988,478.700012,420.383881,1426220
5/24/2017,478.575012,482.649994,475.200012,476.774994,418.69339,284144
5/25/2017,479.950012,492.450012,479.950012,490.950012,431.141602,415768
5/26/2017,490,500,490,498.100006,437.420532,368118
5/29/2017,496.350006,498.424988,488,492.649994,432.634491,705104
5/30/2017,492.649994,500,489.924988,498.225006,437.530304,183094
5/31/2017,495.575012,496.075012,487.549988,488.475006,428.968048,206230
6/1/2017,484.5,489.774994,479.674988,485.475006,439.607941,206224
6/2/2017,485.475006,487.549988,482.5,484.725006,438.928802,613410
6/5/2017,484.5,484.875,479.125,480.100006,434.740753,440632
6/6/2017,482.5,493.424988,482.5,489.725006,443.45639,1335798
6/7/2017,491.024994,494.350006,472.75,480.75,435.329376,916686
6/8/2017,480.549988,482.350006,474.5,478.149994,432.974945,1218732
6/9/2017,470,476,461.524994,474.325012,429.511353,2058384
6/12/2017,471.5,483.350006,470,481.899994,436.370728,434912
6/13/2017,479.850006,481.5,476.174988,479.100006,433.835236,203746
6/14/2017,478.5,480.975006,475.75,479.325012,434.039001,351384
6/15/2017,477.5,483.5,475,476.149994,431.164001,401220
6/16/2017,475.950012,476.450012,468,470.25,425.82135,326912
6/19/2017,469.299988,470.225006,464,464.725006,420.818359,254052
6/20/2017,467.5,473.5,467.075012,471.899994,427.31546,296578
6/21/2017,471.75,474.5,468.25,471.975006,427.383423,185100
6/22/2017,472.5,484.149994,467.924988,470.149994,425.730835,553904
6/23/2017,470,474.399994,469.274994,471.674988,427.111725,198992
6/27/2017,472.024994,473.475006,462,463.174988,419.414795,337402
6/28/2017,465.149994,466.274994,460.600006,462.200012,418.531952,859404
6/29/2017,463.5,473.649994,462.649994,464.75,420.841003,369932
6/30/2017,463.674988,468.950012,463.5,467.825012,423.625519,159304
7/3/2017,467.5,477,467.5,475.700012,430.75647,240350
7/4/2017,477.5,483.899994,474.850006,480.25,434.876648,226438
7/5/2017,477.799988,479.200012,473.325012,475.524994,430.597961,190342
7/6/2017,473,478.5,472.149994,473.75,428.990692,190270
7/7/2017,472.5,473.5,467.200012,468,423.783936,339844
7/10/2017,472.5,480.225006,470,479.524994,434.220093,2215488
7/11/2017,477.5,494.450012,477.5,487.899994,441.803833,546874
7/12/2017,488,490.274994,484.774994,486.899994,440.898346,278426
7/13/2017,486.975006,491.674988,482.5,488.149994,442.030212,648690
7/14/2017,500,503.325012,484,486.024994,440.105927,1370874
7/17/2017,486.625,495.600006,486.625,492.674988,446.127686,340670
7/18/2017,492.450012,502.149994,490.75,492.700012,446.15036,451232
7/19/2017,494.5,494.700012,485,489.950012,443.660156,325980
7/20/2017,490,490,483.524994,484.5,438.725037,264220
7/21/2017,485.5,491.25,485.5,489.950012,443.660156,240060
7/24/2017,490.549988,496.875,490.549988,495.600006,448.776337,973724
7/25/2017,495.5,499.5,493.125,497.075012,450.112,256324
7/26/2017,498,499.5,495.549988,496.875,449.930847,2400194
7/27/2017,497,501.875,484,486.149994,440.219147,411638
7/28/2017,490,501,481.5,498.924988,451.787201,895404
7/31/2017,498.924988,510.5,493.674988,505.649994,457.876831,624104
8/1/2017,503.5,508.475006,499.225006,502.5,455.024414,160286
8/2/2017,502.5,506,494.100006,496.225006,449.342285,185074
8/3/2017,496.225006,499.399994,490.5,491.799988,445.335358,153692
8/4/2017,492.600006,494.299988,488.649994,492.674988,446.127686,139790
8/7/2017,491,491.825012,483,484.075012,438.34024,209958
8/8/2017,485,485.524994,477.774994,482.299988,436.73291,209132
8/9/2017,483.125,486.799988,482.274994,484.725006,438.928802,169138
8/10/2017,485.950012,494,485,491.25,444.837341,520170
8/11/2017,488.5,497.799988,484.774994,493.875,447.214325,308390
8/14/2017,492.575012,493.875,488.149994,489.725006,443.45639,155610
8/16/2017,492,493.049988,485,488.399994,442.256592,180476
8/17/2017,505,514.450012,499,510.575012,462.336517,1064390
8/18/2017,510.75,510.75,442.200012,461.549988,417.943359,16314852
8/21/2017,464.5,464.5,435,436.75,395.486389,8953398
8/22/2017,446.25,448.5,430.75,438.575012,397.138947,3935926
8/23/2017,440.549988,452,437.274994,447.25,404.994385,4242936
8/24/2017,453.5,459.399994,451.174988,456.25,413.144073,2608354
8/28/2017,473.5,476.75,468.950012,470.575012,426.115692,2843418
8/29/2017,471.700012,471.700012,463,463.774994,419.958099,1207644
8/30/2017,467.549988,469.774994,462,463.325012,419.550629,808332
8/31/2017,464,466.350006,456.350006,457.649994,414.411804,1989498
9/1/2017,457.600006,463.100006,455.125,460.049988,416.585052,596990
9/4/2017,460.625,460.875,446.799988,450.649994,408.073151,1174168
9/5/2017,451.674988,452.25,448.625,450.549988,407.982574,694832
9/6/2017,449.5,450,445.125,447.850006,405.53772,878668
9/7/2017,449,450.424988,446.274994,447.774994,405.469757,560664
9/8/2017,448.049988,449,441.125,442.200012,400.421478,918058
9/11/2017,445,446.100006,437,439.274994,397.772827,688154
9/12/2017,440.5,443.774994,439.524994,441.924988,400.172485,533994
9/13/2017,442.5,443.875,440.5,441.774994,400.036621,817926
9/14/2017,443.200012,448.149994,440.799988,446.149994,403.998291,543606
9/15/2017,447.5,456.125,446.5,454.299988,411.378296,1018120
9/18/2017,455,458.975006,453.25,454.225006,411.310394,554976
9/19/2017,455.049988,457.700012,451.825012,455.649994,412.600739,349404
9/20/2017,457.649994,458,453.774994,456,412.917694,244496
9/21/2017,456.25,457.625,454.225006,454.774994,411.808441,279182
9/22/2017,454.100006,454.950012,444.200012,449.024994,406.601654,408774
9/25/2017,450.5,451.075012,445,448.325012,405.967834,311188
9/26/2017,448,454.024994,447.25,453.225006,410.404877,1044498
9/27/2017,452.5,453.975006,447.549988,449.325012,406.873352,270988
9/28/2017,449,451.975006,446.524994,447.850006,405.53772,222804
9/29/2017,450,451.125,447.549988,449.375,406.91861,483982
10/3/2017,454,455.825012,451,451.975006,409.272919,212234
10/4/2017,451.975006,452.475006,448.725006,449.899994,407.394012,199136
10/5/2017,449.5,452.600006,449.350006,451.549988,408.888062,236624
10/6/2017,453.299988,460.299988,451.524994,459.725006,416.290771,406128
10/9/2017,461,464.299988,457.149994,461.825012,418.192383,240892
10/10/2017,470,472.924988,464.549988,467.799988,423.602814,521040
10/11/2017,468,468.850006,464.075012,465.299988,421.33905,343744
10/12/2017,465,467.325012,460,463.575012,419.777039,671688
10/13/2017,465.024994,467,463.799988,465.950012,421.927673,2456158
10/16/2017,467.5,471,466.75,469.649994,425.278046,440212
10/17/2017,467.5,468.700012,465.125,465.725006,421.723907,384966
10/18/2017,464.5,465,461.625,462.225006,418.554596,371582
10/19/2017,465,466.674988,462.924988,463.549988,419.754333,201534
10/23/2017,464.100006,471.399994,464.100006,469.825012,425.436554,526916
10/24/2017,472.5,473.75,462,463.375,419.595917,891450
10/25/2017,460,472.075012,457.625,467.700012,423.512268,832100
10/26/2017,470.075012,475.174988,470.075012,473.75,428.990692,1054584
10/27/2017,477.5,478.524994,472.5,473.725006,428.968079,798798
10/30/2017,477,477.5,470.5,472.325012,427.700348,1028592
10/31/2017,461.700012,465.174988,460,460.825012,423.109558,424808
11/1/2017,462,464.475006,461,463.125,425.221283,235336
11/2/2017,462,463.274994,459.899994,461.450012,423.68338,216208
11/3/2017,461.350006,464.700012,459,463.325012,425.404968,149680
11/6/2017,462.5,467.424988,461.174988,464.299988,426.30011,244478
11/7/2017,464.25,479.899994,463.5,477.850006,438.741119,831458
11/8/2017,479.125,480.75,473.649994,475.975006,437.019623,317116
11/9/2017,479.25,481,474.575012,477.299988,438.236145,289006
11/10/2017,477.299988,481.375,475.100006,480.299988,440.990662,194860
11/13/2017,480.299988,484.450012,474.549988,475.899994,436.950745,2551688
11/14/2017,475,477.200012,472,474.725006,435.871948,149232
11/15/2017,473.5,476.725006,472.5,475.975006,437.019623,168822
11/16/2017,475.575012,497.725006,474.424988,494.299988,453.844849,1291582
11/17/2017,494.899994,494.899994,481.5,485.475006,445.742096,594360
11/20/2017,484.850006,485,478.674988,480.674988,441.33493,291142
11/21/2017,480.674988,485.774994,479.825012,483.200012,443.65329,203988
11/22/2017,482.5,485.424988,481.25,483.149994,443.607391,163740
11/23/2017,485,497.174988,484.924988,495.700012,455.130219,623972
11/24/2017,494.549988,509.600006,494.549988,504.975006,463.646179,982538
11/27/2017,500,502.5,497,498.75,457.930664,344912
11/28/2017,498.450012,500.075012,490.75,492.25,451.962616,306144
11/29/2017,494.5,496,490.75,491.649994,451.411682,127168
11/30/2017,494.5,494.899994,483.674988,487.475006,447.578461,256982
12/1/2017,488.75,491.5,478.225006,479.25,440.026581,287040
12/4/2017,491.5,498.475006,484.825012,492.649994,452.329834,810002
12/5/2017,493,501.299988,489.649994,492.200012,451.916687,618270
12/6/2017,499.5,499.5,492,495,454.487579,282000
12/7/2017,493.75,501.075012,491.200012,500.049988,459.124207,438474
12/8/2017,500.049988,503.424988,498.024994,500.774994,459.789917,390584
12/11/2017,498.5,502.5,497.5,501.75,460.685059,188114
12/12/2017,501.5,507,500,505.549988,464.174072,322322
12/13/2017,506,509,499.5,501.725006,460.66217,282548
12/14/2017,502.625,508,500.024994,506.225006,464.793884,247814
12/15/2017,507.5,513,505.5,511.725006,469.84375,376676
12/18/2017,507.5,514.924988,502.799988,507.674988,466.125183,332942
12/19/2017,507.674988,508.75,500,502.399994,461.281891,3479274
12/20/2017,502.399994,507.5,500.975006,506.649994,465.184052,216288
12/21/2017,506.649994,514,499.024994,510.774994,468.971466,604772
12/22/2017,509.700012,522.099976,508.100006,519.200012,476.70697,625894
12/26/2017,514.900024,520,511.549988,517.174988,474.847687,2049828
12/27/2017,514.5,519.424988,512.549988,517.025024,474.709961,402482
12/28/2017,515.950012,519.950012,513.049988,517,474.687012,337838
12/29/2017,515,523.049988,515,519.650024,477.120117,367766
1/1/2018,520,521.825012,515.900024,517.275024,474.939514,218678
1/2/2018,518.599976,521.700012,511.475006,514.75,472.621124,361240
1/3/2018,517.5,517.5,509,509.549988,467.84671,317868
1/4/2018,511,511,504.799988,507.649994,466.102234,639568
1/5/2018,507.649994,513,503.125,506.049988,464.633148,562278
1/8/2018,507.5,519.400024,507.5,517.825012,475.444458,307888
1/9/2018,520,522.25,514.625,520.650024,478.0383,524162
1/10/2018,524.950012,527.775024,517.299988,525.799988,482.766754,1408606
1/11/2018,526.5,541.650024,526.5,537.799988,493.784698,2630738
1/12/2018,544.5,544.5,534.775024,539.200012,495.070068,569642
1/15/2018,539.25,546.025024,532.75,540.200012,495.988251,445496
1/16/2018,540,567.200012,540,561.450012,515.499084,1370618
1/17/2018,559,580,559,576.125,528.973083,1629628
1/18/2018,574.5,582.224976,566.174988,576.375,529.202576,661634
1/19/2018,574.450012,574.450012,568,571.625,524.841309,358516
1/22/2018,570.849976,577.5,565.049988,575.150024,528.07782,590314
1/23/2018,575.599976,593.5,575.599976,587.599976,539.508789,2065536
1/24/2018,588.900024,610,583.5,592.575012,544.07666,1062012
1/25/2018,592.200012,595.75,580.400024,585.400024,537.488892,1045706
1/29/2018,582.5,598.099976,582.5,590.75,542.401062,438606
1/30/2018,590.25,591.525024,580.900024,584.849976,536.983887,1380754
1/31/2018,580,583,571.525024,575.325012,528.238464,364852
2/1/2018,575,579,560,572.25,525.4151,1344164
2/2/2018,570,581.224976,565.025024,570.849976,524.1297,923090
2/5/2018,569,577.5,567.5,569.150024,522.568909,525996
2/6/2018,554.5,563.950012,549.349976,554.224976,508.865295,437174
2/7/2018,556.049988,562.5,551.950012,554.375,509.003113,469586
2/8/2018,560.150024,572.5,558.525024,567.275024,520.847351,432672
2/9/2018,562.450012,562.450012,553.599976,555.900024,510.403351,271824
2/12/2018,556,560,549.375,551.900024,506.730621,725500
2/14/2018,552,558.700012,545.849976,549.025024,504.090973,384416
2/15/2018,550.049988,564.849976,550.049988,557.075012,511.482147,565998
2/16/2018,560.5,570,558.025024,562.424988,516.394287,1126770
2/19/2018,562.599976,567.5,560,565,518.758606,541164
2/20/2018,566,573.950012,560.5,567.349976,520.916138,245978
2/21/2018,573,575.825012,570.200012,574.349976,527.343262,290196
2/22/2018,574.450012,582,570.049988,580.25,532.760376,286646
2/23/2018,582.5,583,573.599976,577.825012,530.533875,243264
2/26/2018,578.5,578.5,568.075012,570.525024,523.831482,217834
2/27/2018,571.049988,576.400024,562.924988,574.150024,527.159607,694922
2/28/2018,574.025024,594.599976,571.174988,587.125,539.072754,801820
3/1/2018,586.724976,586.724976,578.200012,580.125,532.64563,180300
3/5/2018,580,585.049988,572.025024,576.549988,529.36322,1528590
3/6/2018,583.625,583.625,564.924988,573.424988,526.493958,234724
3/7/2018,575.650024,580,569.099976,571.400024,524.634644,303404
3/8/2018,572,582.5,572,578.349976,531.01593,415288
3/9/2018,580.099976,583,578.25,581.700012,534.091736,215634
3/12/2018,585.150024,595.924988,585.150024,592.924988,544.398071,747762
3/13/2018,588.099976,597.75,587.5,590.275024,541.964905,178396
3/14/2018,589.5,594.5,584.724976,590.099976,541.804321,129786
3/15/2018,590,593.950012,586.125,591.075012,542.699524,918832
3/16/2018,592.400024,592.5,584.5,586.25,538.269287,110724
3/19/2018,582.349976,590,571.900024,573.575012,526.631714,554528
3/20/2018,573.575012,585,573.575012,581.049988,533.494873,1385078
3/21/2018,581.549988,588.299988,581.549988,584.299988,536.478882,176810
3/22/2018,583.450012,588.025024,576.799988,579.400024,531.97998,502590
3/23/2018,572.5,586.849976,570,583.724976,535.95105,683020
3/26/2018,583.5,583.5,571.950012,577.150024,529.914185,392600
3/27/2018,572.5,585,572.5,576.400024,529.225464,219940
3/28/2018,576.5,576.5,564.5,567.200012,520.778503,191466
4/2/2018,567.75,574.474976,561,568.75,522.201599,145624
4/3/2018,568.400024,572.5,564.799988,570.025024,523.372314,111372
4/4/2018,570.25,572.5,560,562.275024,516.256531,348580
4/5/2018,567.025024,575.200012,564.974976,572.5,525.644653,114620
4/6/2018,570,572.849976,561.825012,564.650024,518.437134,177714
4/9/2018,564.950012,564.950012,553.400024,555.474976,510.013062,334702
4/10/2018,563.5,563.5,552.775024,557.075012,511.482147,443396
4/11/2018,559,565.875,558.849976,561.950012,515.95813,680392
4/12/2018,566.450012,586,564.150024,581.125,533.563782,565760
4/13/2018,587.25,592,575.099976,584.5,536.662598,589618
4/16/2018,549.650024,570,549.5,566.400024,520.043884,1063122
4/17/2018,565.974976,565.974976,557.674988,562.5,516.463135,315068
4/18/2018,562,567,556.849976,562.724976,516.669678,316444
4/19/2018,562,569.5,562,566.349976,519.997925,239364
4/20/2018,569.25,595.900024,567.450012,589.125,540.908997,1124558
4/23/2018,583,606.200012,577.5,591.674988,543.250366,1037244
4/24/2018,592.5,598,575,576.950012,529.73053,342502
4/25/2018,577,585.650024,572.599976,580.450012,532.944031,486294
4/26/2018,582.5,591,580,587.825012,539.715393,297092
4/27/2018,590,595.849976,587.5,592.575012,544.07666,287442
4/30/2018,594,603.974976,592.5,599.700012,550.618591,257636
5/2/2018,600,602,590.200012,598.900024,549.884094,523678
5/3/2018,599,602.325012,587.5,590.924988,542.561646,177976
5/4/2018,595,598,578.400024,586.450012,538.453064,213926
5/7/2018,588.549988,595.099976,588.400024,591.674988,543.250366,184192
5/8/2018,588.275024,590,581,582.674988,534.986938,386254
5/9/2018,585,588.224976,581.650024,585.625,537.695496,248234
5/10/2018,582.5,591.5,581.549988,583.775024,535.996948,156608
5/11/2018,585.25,594.5,583.174988,590.5,542.171509,122988
5/14/2018,587.5,597.349976,585.025024,594.799988,546.119568,117522
5/15/2018,594.650024,603.875,593.400024,596.275024,547.473938,408838
5/16/2018,596.275024,598.75,592.5,595.025024,546.326233,219200
5/17/2018,599.450012,599.450012,587.5,592.474976,543.984863,138004
5/18/2018,593,593.775024,586.525024,591.875,543.434021,105462
5/21/2018,590,594,585.150024,591.299988,542.906006,167710
5/22/2018,587.799988,598.974976,587.275024,596.775024,547.933044,194038
5/23/2018,598.400024,603.349976,590.450012,592.625,544.122559,208928
5/24/2018,596.224976,613.799988,596.224976,610.924988,560.924927,509566
5/25/2018,611.5,624,610.674988,614.400024,564.115479,411422
5/28/2018,614.150024,616.474976,603.049988,607.25,557.550598,380406
5/29/2018,610,612.775024,603.5,608.325012,558.537598,117418
5/30/2018,608.349976,614.5,603.5,607.049988,557.366943,752216
5/31/2018,608.5,620,605.224976,615.950012,565.538696,210638
6/1/2018,615.950012,622.575012,608.950012,610.125,560.190369,265564
6/4/2018,610,621.674988,606.375,619.799988,569.073425,177580
6/5/2018,612.549988,620.5,608.5,610.599976,560.626404,91660
6/6/2018,610.599976,620.299988,610.049988,617.799988,567.237183,135156
6/7/2018,619,628.5,618.5,625.400024,574.21521,314002
6/8/2018,624.950012,631.224976,622.575012,629.875,578.323975,831570
6/11/2018,629.875,635,628,631.525024,579.838989,137442
6/12/2018,632.5,635.424988,625.450012,629.200012,577.704163,218432
6/13/2018,632.5,642,630.5,638.049988,585.829834,225814
6/14/2018,629.5,629.5,617.025024,619.349976,573.151672,299516
6/15/2018,619.349976,645,618.5,640.224976,592.469604,388532
6/18/2018,642.5,645.25,631.150024,633.25,586.014893,181664
6/19/2018,633,633,618,622.025024,575.627258,209950
6/20/2018,622.5,626.224976,619.549988,621.674988,575.303406,110252
6/21/2018,625,627.900024,618.724976,623.174988,576.691467,101388
6/22/2018,622.75,627,620.900024,623.224976,576.737793,78710
6/25/2018,625,639.474976,625,636.150024,588.698669,290806
6/26/2018,634.950012,641.900024,630,638.924988,591.266602,153978
6/27/2018,640.575012,646.950012,632.150024,634.599976,587.264282,201170
6/28/2018,634.599976,649.099976,634.599976,644.424988,596.356384,196668
6/29/2018,647.599976,656.724976,642,653.375,604.638733,237246
7/2/2018,656.950012,670.900024,656.950012,667.224976,617.455688,241902
7/3/2018,670,679,666.650024,676.825012,626.339661,274660
7/4/2018,676.5,677.474976,669.849976,672.299988,622.152161,131976
7/5/2018,674.900024,675,634.424988,642.25,594.343628,914538
7/6/2018,640,650.674988,634.75,642.25,594.343628,397914
7/9/2018,646.275024,651.5,639.75,649.575012,601.122314,296840
7/10/2018,652.599976,657.75,647.5,651.25,602.672302,273558
7/11/2018,655,670.950012,646.5,660.174988,610.93158,598286
7/12/2018,662,663.349976,642.299988,647.299988,599.016968,989930
7/13/2018,655,665.674988,650.075012,654.549988,605.726196,2211442
7/16/2018,662.5,692.200012,644.174988,666.525024,616.807983,1918862
7/17/2018,666.349976,674.400024,656.75,663.700012,614.193604,532454
7/18/2018,670,671.599976,657.174988,661.200012,611.880188,369338
7/19/2018,661.200012,665.150024,655.424988,658.275024,609.173218,232292
7/20/2018,660.525024,683.525024,660.525024,674.174988,623.887329,1632896
7/23/2018,675.049988,684.025024,668.349976,677.875,627.311401,260560
7/24/2018,681,689.900024,678.25,688,636.681091,226976
7/25/2018,690,696.049988,683.049988,691.849976,640.243896,385108
7/26/2018,690,694.849976,684.5,687.599976,636.310852,1789150
7/27/2018,690,694.150024,685,687.275024,636.010254,2532768
7/30/2018,692.5,692.5,675,676.575012,626.108337,3184204
7/31/2018,675,685.025024,667.5,682.5,631.59137,5726144
8/1/2018,682.924988,684,675.5,676.875,626.385925,2352322
8/2/2018,677.549988,683.224976,675.549988,677.700012,627.149353,139232
8/3/2018,680,683.200012,678.200012,682.049988,631.174805,3163640
8/6/2018,682.5,687.900024,674.025024,680.400024,629.647949,219604
8/7/2018,683.5,688.775024,680.924988,684.700012,633.627258,285450
8/8/2018,684.049988,687.075012,677.150024,681.450012,630.619751,127290
8/9/2018,683.025024,694.900024,683.025024,690.150024,638.670715,316758
8/10/2018,691.150024,694.450012,686.775024,692.599976,640.937927,122946
8/13/2018,692.5,705.5,689.900024,704.724976,652.15863,562436
8/14/2018,705.174988,712,701.700012,704.375,651.834656,242610
8/16/2018,705.625,717.349976,705.625,712.650024,659.492371,254296
8/17/2018,716.424988,718.325012,711.724976,715.674988,662.291809,181322
8/20/2018,694.349976,704,686.775024,692.599976,640.937927,1038672
8/21/2018,693.049988,697,687.125,692.150024,640.521545,501664
8/23/2018,694.150024,701.325012,693.174988,699.599976,647.415771,205488
8/24/2018,696.275024,701.5,688,689.974976,638.50885,1123256
8/27/2018,691.674988,709.450012,691.674988,707.450012,654.68042,271808
8/28/2018,708,719.25,706.150024,712.174988,659.052856,320148
8/29/2018,717.5,717.849976,703,705.174988,652.57489,437338
8/30/2018,705.5,711.5,698.5,708.75,655.883301,490422
8/31/2018,711,726.5,711,720,666.294067,4246466
9/3/2018,729,733.5,715,716.724976,663.263367,1256342
9/4/2018,723.700012,748.349976,717,735.650024,680.776855,832961
9/5/2018,741.75,748.450012,726.349976,729.799988,675.363098,625030
9/6/2018,734.5,735,725,727.950012,673.651184,246579
9/7/2018,733.049988,737,724.75,733.150024,678.463379,353724
9/10/2018,737,746.5,729.650024,731.950012,677.352783,312641
9/11/2018,734.299988,744.150024,732.549988,734.25,679.481201,465074
9/12/2018,743,745.75,736.25,742.700012,687.300842,285153
9/14/2018,742.5,744,730.150024,735.200012,680.360413,374118
9/17/2018,736.400024,740,725.099976,726.549988,672.35553,292264
9/18/2018,732,732,716.799988,719.150024,665.507507,202211
9/19/2018,725,727.400024,714.950012,720.400024,666.664307,151490
9/21/2018,719,719,692,706.299988,653.616028,773924
9/24/2018,709,729.950012,705.5,717.299988,663.795471,749018
9/25/2018,720,735.799988,717.349976,726.5,672.309265,359507
9/26/2018,738,738,712.400024,717.799988,664.258179,282597
9/27/2018,719.5,730.650024,718.049988,724.150024,670.134583,804565
9/28/2018,720,734,715.799988,727.849976,673.558594,506489
10/1/2018,735.099976,754.950012,733.400024,744.450012,688.92041,3761334
10/3/2018,744.700012,751.950012,726.549988,727.849976,673.558594,292087
10/4/2018,728,729,702.900024,706.349976,653.662354,403889
10/5/2018,711,731.25,709,721.849976,668.006104,399124
10/8/2018,725.049988,728.5,710.349976,714.5,661.204285,228274
10/9/2018,716,726,703.099976,717.349976,663.841736,437278
10/10/2018,718.150024,720,695.400024,700.299988,648.06366,1078764
10/11/2018,689.900024,691.75,665.25,675,624.650818,680373
10/12/2018,677,690,662.599976,679.049988,628.398621,422848
10/15/2018,690,705.799988,681.650024,699.099976,646.953125,443802
10/16/2018,709,713.75,688.099976,696.400024,644.45459,774209
10/17/2018,707,721,701.25,704.5,651.950317,1145997
10/19/2018,689.799988,689.799988,678.5,682.599976,631.683838,821154
10/22/2018,691,705,674.099976,678.25,627.658325,462086
10/23/2018,679,681.650024,654.650024,657.849976,608.780029,533828
10/24/2018,663.049988,666.450012,647.900024,650.150024,601.654419,1825795
10/25/2018,643,655.75,636.049988,649.299988,607.407593,373386
10/26/2018,645.099976,649.849976,630,633.5,592.626953,397563
10/29/2018,633,650,631.700012,643.799988,602.26239,478683
10/30/2018,640,663,638,659.75,617.18335,415852
10/31/2018,665,693.150024,662.049988,686.25,641.973511,582754
11/1/2018,693.900024,693.900024,660.099976,666.349976,623.357544,349193
11/2/2018,668.099976,675.299988,660.5,662.049988,619.334961,533579
11/5/2018,663,666.900024,657.049988,662.75,619.989746,372745
11/6/2018,669,675.099976,662.099976,666.799988,623.778503,785263
11/7/2018,674.450012,678,671.75,676,632.384949,84376
11/9/2018,677.200012,679.450012,657.400024,661.450012,618.773621,394045
11/12/2018,666,676.400024,662.549988,664.450012,621.580139,308091
11/13/2018,666,667.700012,656.950012,665.700012,622.749512,171252
11/14/2018,669,669,640.25,653.450012,611.289856,1119117
11/15/2018,653.450012,665.950012,647.25,656.349976,614.002686,920461
11/16/2018,664,664,644.400024,650.450012,608.483398,851972
11/19/2018,655,662,649.400024,651.799988,609.746277,436161
11/20/2018,648.549988,655,639.650024,641.099976,599.736633,290896
11/21/2018,642,642.049988,612.200012,620.950012,580.886658,1687076
11/22/2018,623.900024,628.5,617.650024,620.450012,580.418945,477899
11/26/2018,623.5,627.75,600.650024,621.299988,581.21405,628314
11/27/2018,627,640,625.549988,637,595.901062,773589
11/28/2018,643,668.25,640.099976,666.349976,623.357544,1150990
11/29/2018,672,675,659,659.599976,617.042969,1489912
11/30/2018,663,671.950012,661,666.5,623.497864,504992
12/3/2018,670.5,678.5,666.299988,669.849976,626.631775,463557
12/4/2018,673.900024,688.400024,671.400024,684.450012,640.289734,463485
12/5/2018,682.200012,684,673.200012,681.450012,637.483337,494434
12/6/2018,675.299988,685.200012,664.5,668.200012,625.088196,598535
12/7/2018,670.5,685,666.5,681.049988,637.10907,468211
12/10/2018,678,683.049988,665.700012,667.799988,624.713989,302526
12/11/2018,665.150024,681.200012,660.950012,674.25,630.747803,398365
12/12/2018,674.950012,680,671,678.700012,634.910767,345321
12/13/2018,679.25,698.799988,679.25,696.5,651.562317,365946
12/14/2018,695.150024,713,693.5,705.599976,660.075134,482934
12/17/2018,713,714,692.099976,693.549988,648.802612,612157
12/18/2018,694,694,675,676.349976,632.712341,1040768
12/19/2018,673,673,661.75,665.25,622.328491,940615
12/20/2018,662.700012,671.450012,657,666.849976,623.825256,579639
12/21/2018,660.700012,660.700012,643.799988,645.75,604.08667,981311
12/24/2018,658,658.799988,648,649.049988,607.173767,579592
12/26/2018,648.900024,650,637.700012,644.599976,603.010864,440867
12/27/2018,652.099976,663.25,649.299988,657.349976,614.938171,512892
12/28/2018,662.799988,663.900024,656,657.599976,615.172119,288729
12/31/2018,659,662.150024,656.099976,659.849976,617.276855,268693
1/1/2019,661,667,654.299988,664.650024,621.767212,221951
1/2/2019,668,673.700012,662.450012,669.299988,626.117188,419594
1/3/2019,670.900024,677,663.799988,667.549988,624.480103,355183
1/4/2019,671.099976,674,651.150024,660.75,618.118774,532339
1/7/2019,666.950012,682.799988,662.349976,671.150024,627.8479,675873
1/8/2019,673.049988,677.450012,668.200012,669.849976,626.631775,528366
1/9/2019,684.900024,689.799988,664.549988,675.849976,632.244568,1401279
1/10/2019,681.150024,682,672.650024,679.75,635.892944,591859
1/11/2019,683.900024,686,672.799988,683.700012,639.588135,965600
1/14/2019,706,709,695.700012,700.900024,655.678406,1900868
1/15/2019,705.099976,729.799988,705.099976,726.549988,679.673401,907834
1/16/2019,729,737.650024,729,736.549988,689.028198,570874
1/17/2019,736.450012,738.650024,728.75,733.400024,686.081543,284316
1/18/2019,731.950012,736,726.5,731,683.836304,203144
1/21/2019,733,750.700012,733,742.75,694.828247,439700
1/22/2019,740.650024,747.200012,733.849976,744.349976,696.325012,241180
1/23/2019,743.25,743.25,729.049988,731.450012,684.257324,250110
1/24/2019,729.5,739,721.400024,732.799988,689.289612,185362
1/25/2019,728.700012,737.400024,725,730.200012,686.843994,176637
1/28/2019,732.900024,733.849976,719.049988,728.200012,684.962769,500333
1/29/2019,728.200012,730.349976,716.549988,727.349976,684.163208,618662
1/30/2019,727.349976,734.650024,720.599976,724.849976,681.811707,653889
1/31/2019,728,751,727.049988,749.599976,705.092102,1128305
2/1/2019,753.799988,761.799988,745,756.549988,711.629456,374496
2/4/2019,755,762,747.849976,755.650024,710.782898,329744
2/5/2019,751,760,748.549988,754.25,709.466003,272873
2/6/2019,754.25,766.150024,753.799988,762.650024,717.367249,345880
2/7/2019,761.099976,769.5,760.650024,763.349976,718.025696,241922
2/8/2019,764,771.150024,755.099976,759.849976,714.733459,312650
2/11/2019,760,768.650024,757.549988,761.599976,716.379578,275729
2/12/2019,763,763,741,750.400024,705.844666,292287
2/14/2019,753,753,738,739.799988,695.874023,171101
2/15/2019,741.25,746.549988,733,741.75,697.708191,331471
2/18/2019,741,747.5,736.200012,740.099976,696.156128,168645
2/19/2019,738.900024,739.299988,723,725.150024,682.093872,228364
2/20/2019,730,743.450012,727,740.049988,696.109131,288411
2/21/2019,739,739.150024,727.950012,733.349976,689.806946,200596
2/22/2019,733.900024,736.650024,728,733.349976,689.806946,191573
2/25/2019,735,757.799988,735,754.900024,710.077454,297704
2/26/2019,748.150024,752.049988,740,741.700012,697.661194,394085
2/27/2019,745,746.599976,733,734.700012,691.076843,447430
2/28/2019,735.150024,742,732.099976,733.950012,690.371338,212699
3/1/2019,737.799988,742.349976,735.549988,741.150024,697.14386,237031
3/5/2019,742,742.549988,730,732.599976,689.101501,227036
3/6/2019,735,736.900024,727.099976,732.200012,688.725281,517663
3/7/2019,735,735.5,720.75,723.25,680.306702,538547
3/8/2019,723.25,725.900024,711.099976,712.549988,670.241943,418002
3/11/2019,713,718.200012,709.200012,711.650024,669.395386,1177665
3/12/2019,709.900024,714.75,705.700012,706.900024,664.92749,603082
3/13/2019,710,718.75,706.349976,709.150024,667.043945,466106
3/14/2019,714,715,706.299988,708.349976,666.291382,351044
3/15/2019,712.849976,723.650024,709.150024,718.849976,676.167847,806656
3/18/2019,723.450012,723.849976,705.650024,709.75,667.608276,866618
3/19/2019,713,725.900024,707.799988,721.5,678.660583,686131
3/20/2019,726.200012,742,726.200012,738.5,694.651184,976004
3/22/2019,743.349976,746.099976,733.099976,742.150024,698.084473,371377
3/25/2019,741,742,731.5,735.799988,692.111511,2496241
3/26/2019,736,736,719.599976,726.75,683.598877,438405
3/27/2019,728,732.400024,726.25,729.049988,685.762268,369947
3/28/2019,730,745,730,738.5,694.651184,428974
4/1/2019,742.900024,759.599976,742.900024,755.650024,710.782898,1913427
4/2/2019,757.5,765.450012,753.099976,757.099976,712.146729,877816
4/3/2019,759,759.049988,747,754.049988,709.277893,580434
4/4/2019,751.950012,753.799988,745.5,748.25,703.822327,246998
4/5/2019,750,760.5,748.25,756.25,711.34729,1341969
4/8/2019,762.299988,769.950012,755.950012,767.150024,721.600037,314102
4/9/2019,770,773.650024,758.299988,759.849976,714.733459,336826
4/10/2019,763,766.5,752.700012,754.150024,709.371948,325180
4/11/2019,753,753,740.049988,743.150024,699.025085,375859
4/12/2019,746,751.5,741,747.849976,703.445984,385220
4/15/2019,725,732,713.700012,726.650024,683.504761,1070699
4/16/2019,728.299988,728.5,714.549988,723.849976,680.871033,661281
4/18/2019,724.849976,724.849976,713,716.400024,673.863403,537060
4/22/2019,716.400024,725.75,715,720.599976,677.814026,371246
4/23/2019,724,729.799988,718.5,727.849976,684.633545,322190
4/24/2019,727.5,737.799988,724.25,736.400024,692.675964,366957
4/25/2019,736.400024,737.549988,726,728.75,685.480103,356999
4/26/2019,731,739.900024,729.599976,737.099976,693.334351,333801
4/30/2019,739,753,737.5,749.950012,705.421387,738883
5/2/2019,748.599976,748.900024,728.200012,729.849976,686.514771,950252
5/3/2019,723.75,730.599976,719,723.75,680.776978,366567
5/6/2019,718.5,721.950012,711.099976,717.849976,675.227295,1029470
5/7/2019,720.049988,727.400024,719,723.549988,680.588867,497580
5/8/2019,724,725.950012,716,718.099976,675.462463,440522
5/9/2019,721.700012,730.349976,716,721.049988,678.237305,543215
5/10/2019,723,723,714.5,716.049988,673.53418,521637
5/13/2019,718,727.5,712.799988,720.049988,677.296631,397812
5/14/2019,719.5,719.5,704,713.849976,671.464783,537632
5/15/2019,716.650024,724.450012,712.950012,716.5,673.957458,455637
5/16/2019,716.75,736.75,716.75,734.200012,690.606567,425995
5/17/2019,733.299988,735.700012,721,723.799988,680.824036,577782
5/20/2019,725.799988,726.450012,706.849976,722.400024,679.507202,669439
5/21/2019,723.5,723.5,707,709.200012,667.091003,511790
5/22/2019,711.099976,718.200012,707,709.200012,667.091003,497340
5/23/2019,717.700012,717.700012,698.400024,701.25,659.612915,652528
5/24/2019,702.349976,711.849976,701.25,709.450012,667.326111,497574
5/27/2019,708.799988,713.599976,705.299988,709.099976,666.996887,549476
5/28/2019,710,730.5,710,726.650024,683.504761,493319
5/29/2019,726.5,733.700012,724.349976,727.349976,684.163208,277383
5/30/2019,727.799988,737.349976,724,733.299988,689.76001,217850
5/31/2019,735,742,733.549988,736.849976,693.099182,206651
6/3/2019,734,750.700012,729.950012,744.650024,700.436035,246396
6/4/2019,741.950012,741.950012,733.25,734.700012,691.076843,309295
6/6/2019,734.700012,745,734.099976,737.950012,694.13385,321239
6/7/2019,737.700012,744,735.950012,739.349976,695.450684,320333
6/10/2019,738,754.5,738,753.599976,708.854614,249632
6/11/2019,754,758.900024,751.200012,754.849976,710.030334,287202
6/12/2019,754.150024,756,745,753.950012,709.183838,204706
6/13/2019,741.5,747.200012,739.200012,742.700012,708.468384,378457
6/14/2019,744.200012,745.650024,738.400024,740.400024,706.274414,298249
6/17/2019,741.150024,744.700012,737.5,740.400024,706.274414,331734
6/18/2019,740,752.400024,740,750.650024,716.052002,1001741
6/19/2019,751,755,748.75,751.849976,717.196594,299917
6/20/2019,735,756.450012,735,754.549988,719.772217,636623
6/21/2019,754,755,747,750.700012,716.099731,328861
6/24/2019,752,752,742.650024,745.599976,711.234741,255056
6/25/2019,742.5,750.849976,737.25,748.049988,713.571838,281982
6/26/2019,744,751.5,738.099976,739.650024,705.559021,283076
6/27/2019,741,744.950012,728.200012,730.849976,697.164551,282242
6/28/2019,733.900024,739.450012,728.349976,731.950012,698.213867,329553
7/1/2019,734.099976,737.799988,729.650024,731.150024,697.450745,310899
7/2/2019,734.400024,741.150024,730.900024,739.900024,705.797485,238903
7/3/2019,742,742.700012,730.299988,731.5,697.784668,338665
7/4/2019,734,736.349976,729.25,733.900024,700.074036,266711
7/5/2019,736,736,713.200012,718.25,685.145325,351697
7/8/2019,717,724.099976,712.599976,717.450012,684.382202,301869
7/9/2019,717.900024,719.700012,708.900024,715.400024,682.426697,184016
7/10/2019,710.150024,722.599976,706.700012,716.900024,683.857544,230925
7/11/2019,721,723.650024,710,720.849976,687.625488,220817
7/12/2019,723.299988,730.849976,719.349976,727.099976,693.587402,179046
7/15/2019,762,781.400024,754.5,779.450012,743.524597,1168501
7/16/2019,776.799988,787.900024,774.799988,784.950012,748.771057,388399
7/17/2019,784.700012,795,777,794.299988,757.690063,253810
7/18/2019,792.400024,798.599976,786.049988,793.150024,756.593079,248113
7/19/2019,789.700012,794.400024,781.400024,785.599976,749.391052,205113
7/22/2019,786.900024,792,782.25,785.150024,748.961914,333145
7/23/2019,785.450012,804.25,785.450012,789.900024,753.492981,497688
7/24/2019,789.5,793.299988,783.650024,786.049988,749.820374,345353
7/25/2019,787,800.25,787,795.049988,758.405518,327591
7/26/2019,793,794.700012,782.700012,787.299988,751.012695,293235
7/29/2019,787.549988,796.849976,786.400024,791.549988,755.066833,272313
7/30/2019,792,798,788.25,792.799988,756.259216,267946
7/31/2019,792,799.450012,781.75,794,757.403931,302444
8/1/2019,790.799988,790.799988,764.799988,769.049988,733.603821,365299
8/2/2019,769,780,762.400024,775.400024,739.661255,390658
8/5/2019,773,785.75,768.25,776.75,740.949036,471827
8/6/2019,778,783.900024,770,774.650024,738.945801,852181
8/7/2019,779,783.599976,772.349976,776.150024,740.376648,462609
8/8/2019,778,792.900024,778,789.099976,752.729736,539576
8/9/2019,791.5,796.400024,785.5,790.150024,753.731384,483333
8/13/2019,788.349976,788.349976,760.5,764.099976,728.88208,600910
8/14/2019,774,778.5,768.450012,774.900024,739.184326,341438
8/16/2019,779,779.799988,762.25,774.549988,738.850403,226017
8/19/2019,777,783.299988,773.799988,777.799988,741.950684,262801
8/20/2019,781.049988,797.900024,781.049988,792.900024,756.354614,513651
8/21/2019,792.799988,803,792.75,799.549988,762.69812,339416
8/22/2019,800.799988,800.799988,792.5,795.900024,759.21637,199130
8/23/2019,798,809.950012,796,801.900024,764.939819,355792
8/26/2019,800,806.75,787.5,802.900024,765.893799,174352
8/27/2019,791,795,781.200012,785,748.818787,248061
8/28/2019,785.099976,804.900024,785.099976,802.099976,765.130615,164188
8/29/2019,798.900024,809.650024,796,806.849976,769.661621,177460
8/30/2019,808,817.5,802,814.599976,777.054443,156965
9/3/2019,815,822.299988,812.049988,814.299988,776.768311,132158
9/4/2019,813.700012,822.700012,810.25,821.049988,783.207153,138123
9/5/2019,827.099976,837,826.400024,834.200012,795.751099,252694
9/6/2019,838,847.400024,835.150024,840.150024,801.42688,145166
9/9/2019,838.049988,840,827.299988,829.200012,790.981506,118172
9/11/2019,821.650024,827.950012,814.700012,820.099976,782.300964,265029
9/12/2019,818,819.799988,811.200012,816.349976,778.723877,90350
9/13/2019,816,830.849976,816,829.150024,790.933899,138896
9/16/2019,831.549988,838,821,827.450012,789.312256,114142
9/17/2019,830,834,821,831.049988,792.746277,99229
9/18/2019,831.049988,832.900024,824.349976,829.849976,791.601563,82724
9/19/2019,825,826.650024,815.099976,821,783.159485,116759
9/20/2019,822.349976,834.75,802,805.099976,767.992249,354899
9/23/2019,810,810,742.099976,765.099976,729.835938,1147448
9/24/2019,767.700012,798.700012,766,794.049988,757.451599,958044
9/25/2019,791,801.549988,782.200012,792.200012,755.686829,461452
9/26/2019,792,796.849976,778.5,782.049988,746.0047,337839
9/27/2019,788,794.25,780.049988,782.349976,746.290894,624420
9/30/2019,782.349976,807.950012,782.349976,805.299988,768.183105,350883
10/1/2019,809.799988,809.799988,791.75,793.549988,756.97467,225039
10/3/2019,793,797.75,784.299988,785.5,749.295715,126115
10/4/2019,795,797.549988,788.099976,793.25,756.688477,215977
10/7/2019,795,802.200012,786.5,789.549988,753.159119,179647
10/9/2019,793.5,796,779,784,747.864868,132315
10/10/2019,783.5,794.5,777.099976,782.900024,746.815552,166108
10/11/2019,785.950012,823.349976,777,815.700012,778.103821,532657
10/14/2019,789,796.900024,781,785.650024,749.438782,454942
10/15/2019,773.799988,774.75,765,767.799988,732.411499,342205
10/16/2019,768,776,762,771.450012,735.893311,322436
10/17/2019,768.900024,770.549988,765.200012,769.099976,733.65155,180800
10/18/2019,766.650024,773.599976,760.099976,767.75,732.36377,279245
10/22/2019,691,691,638.299988,643.299988,620.11145,11771789
10/23/2019,637.299988,656.400024,615,650.75,635.192017,5055545
10/24/2019,650.700012,653.099976,632.049988,635.400024,620.209045,1726291
10/25/2019,644.299988,652.5,636,637.549988,622.307617,834375
10/29/2019,654,654,647,650.599976,635.045593,1048701
10/30/2019,659,671,656.25,660.450012,644.660156,914388
10/31/2019,669,695.25,666.450012,685.5,669.111206,1215604
11/1/2019,689.900024,694,682.75,688,671.551453,600344
11/4/2019,684.400024,732.5,678.299988,709,692.049438,1849592
11/5/2019,709,709,691.75,695.799988,679.165039,852025
11/6/2019,697.599976,721.5,691.700012,712.299988,695.270508,914354
11/7/2019,716,724,712.400024,719.950012,702.737671,511202
11/8/2019,722.5,724.450012,705.599976,708.450012,691.512573,531345
11/11/2019,707,707.099976,698.099976,704.5,687.656982,289378
11/13/2019,695.5,699.950012,688,691.25,674.723755,627414
11/14/2019,695,709.75,695,705.349976,688.486633,603556
11/15/2019,707.299988,712.650024,702.150024,703.950012,687.120178,346966
11/18/2019,704.5,709.900024,699.75,705.549988,688.681885,237120
11/19/2019,710.900024,714.400024,706,712.799988,695.758545,378657
11/20/2019,712.650024,715,706.200012,712.799988,695.758545,294235
11/21/2019,714.049988,721.400024,710.799988,713.75,696.685852,320743
11/22/2019,713,713,685.099976,693.150024,676.578369,711451
11/25/2019,694.400024,705,694,698,681.312439,233214
11/26/2019,701.200012,707.200012,686,690.700012,674.186951,213471
11/27/2019,695.700012,697.599976,690.200012,696.049988,679.409058,147999
11/28/2019,698.5,703,694.400024,701.650024,684.875122,239978
11/29/2019,703,703.200012,691.799988,695.950012,679.311462,166618
12/2/2019,702.349976,704.349976,690.349976,692.900024,676.334351,1921228
12/3/2019,695.799988,699.400024,689,698.349976,681.653992,384709
12/4/2019,695,710.400024,694.349976,708.200012,691.268555,377545
12/5/2019,707.099976,716.099976,704.299988,714.650024,697.564331,860862
12/6/2019,717.900024,720,709.650024,715.150024,698.052368,294722
12/9/2019,716.799988,722.200012,715.099976,716.900024,699.760559,448298
12/10/2019,715.549988,718.650024,710.200012,714.25,697.173889,260536
12/11/2019,715.5,722.75,713.400024,720.799988,703.567322,227873
12/12/2019,720.799988,720.799988,695,701.849976,685.070313,1731787
12/13/2019,706.900024,712.700012,700.099976,711.25,694.245667,694603
12/16/2019,711.25,720,710.349976,714,696.929871,253695
12/17/2019,717.549988,731.5,715.299988,729.299988,711.864075,509857
12/18/2019,729.5,737.25,723.099976,732.5,714.98761,352727
12/19/2019,732,736,724.799988,731.200012,713.718689,370840
12/20/2019,732.099976,735,728.349976,732,714.499573,187057
12/23/2019,732,737.25,731.400024,735.849976,718.257507,105902
12/24/2019,736.150024,736.799988,728.5,733.25,715.719666,92997
12/26/2019,734,734.700012,727,729.25,711.815308,139762
12/27/2019,729.25,737.650024,728.75,736.799988,719.184814,105409
12/30/2019,736,737.700012,727.450012,732.799988,715.280396,669807
12/31/2019,732.099976,737.5,725.5,731.75,714.255493,254993
1/1/2020,733.599976,739.900024,732.650024,736.900024,719.282471,86151
1/2/2020,738.049988,740.200012,731.349976,734.700012,717.13501,131129
1/3/2020,734.5,747.75,734.25,746.099976,728.262451,288087
1/6/2020,745.099976,753.950012,736.700012,738.650024,720.99054,191481
1/7/2020,739.049988,742.349976,725.150024,727.75,710.351135,211980
1/8/2020,725,728.700012,708.400024,718.150024,700.980713,280761
1/9/2020,722.900024,731.25,714.5,727.549988,710.155884,321670
1/10/2020,732,742.799988,730.799988,738.25,720.600098,359749
1/13/2020,763,777.549988,755.549988,773.400024,754.90979,968764
1/14/2020,770.599976,776.799988,767.299988,775.349976,756.81311,239821
1/15/2020,775,775,762.799988,767.700012,749.346008,185699
1/16/2020,772,772.200012,760.400024,766.849976,748.516296,153766
1/17/2020,771,772,762.700012,767.849976,749.492432,88333
1/20/2020,770,774.450012,763.349976,768.349976,749.980469,105542
1/21/2020,768.349976,770.700012,760.549988,761.900024,743.684753,61778
1/22/2020,765.099976,778,765.099976,769.950012,751.542236,276071
1/23/2020,774,785.200012,774,784.549988,765.793152,266667
1/24/2020,776,786.200012,773.799988,782.950012,764.231445,713930
1/27/2020,779.700012,784.5,774.799988,777.900024,759.302246,111853
1/28/2020,779.799988,780.799988,772.099976,777.900024,759.302246,543368
1/29/2020,783,792.549988,783,789.450012,770.57605,434306
1/30/2020,792,792,778.049988,780.200012,761.54718,80734
1/31/2020,781.75,784.25,771.75,776.349976,757.789246,70808
2/3/2020,780.549988,790,764.5,767.200012,748.857971,119026
2/4/2020,769.5,789.349976,769.5,787.849976,769.014282,105746
2/5/2020,787,787,774.25,784.5,765.744385,350877
2/6/2020,784.5,786.549988,770,770.950012,752.518372,936087
2/7/2020,772,778.849976,771.049988,777.200012,758.618958,99982
2/10/2020,776,778.049988,769.799988,773.25,754.763367,75767
2/11/2020,776.200012,779.25,769.75,773.799988,755.300171,99312
2/12/2020,775,783,775,781.049988,762.376831,92870
2/13/2020,787,794.299988,782.400024,792.349976,773.406677,132909
2/14/2020,794.900024,799,785,786.200012,767.403748,418263
2/17/2020,787,793.400024,783.400024,789.400024,770.527283,90639
2/18/2020,787,798.900024,783.299988,797.450012,778.384766,107455
2/19/2020,800,804.700012,796,800.700012,781.557129,100572
2/20/2020,800.450012,805.900024,794.049988,796.700012,777.65271,432363
2/24/2020,798,811.200012,792.299988,795.25,776.237366,311918
2/25/2020,800,805.5,795.400024,798.349976,779.263245,382740
2/26/2020,798,801.5,780.799988,782.700012,763.987427,210802
2/27/2020,780,780.549988,772.400024,777.599976,759.009338,137900
2/28/2020,755,756,723.299988,731.349976,713.865051,719556
3/2/2020,733,765.849976,733,744.349976,726.55426,521793
3/3/2020,755.799988,758.150024,741.650024,746.299988,728.457642,525353
3/4/2020,754.700012,761.299988,745.599976,758.599976,740.463562,623340
3/5/2020,762,773.349976,752,754.650024,736.608032,370877
3/6/2020,744,744,729.450012,739.25,721.576172,2788077
3/9/2020,739.25,739.25,739.25,739.25,721.576172,0
3/11/2020,693,696.25,669.599976,685.150024,668.769592,498427
3/12/2020,670,670,627.700012,631.549988,616.451111,1236804
3/13/2020,586,667.599976,568.799988,642.200012,626.846497,932945
3/16/2020,640,640,580,582.849976,568.915344,927681
3/17/2020,585.200012,592.049988,550.099976,555.599976,542.316833,967841
3/18/2020,565.200012,578,528.150024,535.049988,522.258179,673598
3/19/2020,530,557.700012,511.100006,545.400024,532.360779,2113081
3/20/2020,554,617,549.650024,584.950012,570.96521,1824428
3/23/2020,548,560,514.799988,526.700012,514.107788,724224
3/24/2020,535,605.700012,525.549988,593.549988,579.359558,629411
3/25/2020,593,634.799988,566,605.950012,591.463074,553061
3/26/2020,615.950012,650.5,614,646.299988,630.848389,497057
3/27/2020,655,675,642.799988,653.549988,637.92511,745637
3/30/2020,634,664,621.950012,627.200012,612.205078,1128539
3/31/2020,645.5,661.950012,634.75,640.299988,624.991882,1706196
4/1/2020,640,640,594.25,604.099976,589.657349,825328
4/3/2020,604.099976,606.650024,582.349976,585.450012,571.453247,327035
4/7/2020,611.900024,643.950012,611.900024,641.099976,625.772766,418888
4/8/2020,628.200012,655.200012,626.75,631.700012,616.597473,588592
4/9/2020,648.900024,652.75,632.700012,637.599976,622.356384,547723
4/13/2020,630,651.599976,627,637.099976,621.868347,274101
4/15/2020,645,652.799988,635.700012,639.150024,623.869385,794120
4/16/2020,622.849976,634.299988,604,624.200012,609.276794,402658
4/17/2020,640,646,626.049988,629.299988,614.254883,221622
4/20/2020,640,660.700012,639.299988,652.900024,637.290649,455876
4/21/2020,632,646.5,627.700012,633.049988,617.915161,265764
4/22/2020,633.200012,645.299988,628.099976,642.049988,626.700073,166193
4/23/2020,649,683,638.5,678.450012,662.229797,1541355
4/24/2020,674.400024,674.900024,655.650024,658.299988,642.561584,263300
4/27/2020,660,680.849976,660,664.25,648.369263,134910
4/28/2020,673,676.650024,653.650024,661.049988,645.245789,201758
4/29/2020,667.799988,681.700012,658.099976,677.700012,661.497742,199318
4/30/2020,696,719.799988,696,716.200012,699.077271,430782
5/4/2020,694.549988,700.950012,670.450012,673.75,657.642151,202813
5/5/2020,681.150024,685.5,670.099976,674.25,658.130188,120580
5/6/2020,679.700012,681.299988,664.25,666.200012,650.272705,162251
5/7/2020,666.099976,674.099976,663.049988,665.049988,649.150146,93599
5/8/2020,672.900024,680.950012,668.599976,674.650024,658.52063,158605
5/11/2020,680,698.400024,677.700012,682.75,666.427002,147260
5/12/2020,678,691,675.5,687.75,671.307434,156715
5/13/2020,700,700,684.599976,693.900024,677.310486,192736
5/14/2020,664,671.650024,654.049988,658.099976,642.366333,472186
5/15/2020,665.5,665.5,647,652.299988,636.704956,310061
5/18/2020,664,670.450012,653.900024,663.599976,647.734802,251322
5/19/2020,665.900024,674.700012,655.900024,668.950012,652.95697,254650
5/20/2020,666.549988,673.200012,659.799988,670.200012,654.177063,230449
5/21/2020,668.400024,679.700012,665.299988,672,655.93396,217317
5/22/2020,672.150024,695.25,672.150024,692.25,675.69989,300974
5/26/2020,695,699.599976,678.950012,680.150024,663.88916,208176
5/27/2020,682.75,708.900024,675.099976,705.299988,688.437866,1274033
5/28/2020,706.099976,709.900024,690,707.25,690.341248,543370
5/29/2020,697,700.700012,680.400024,691.349976,684.009216,582952
6/1/2020,696.549988,706.650024,692,699.5,692.072693,352265
6/2/2020,699.900024,711.650024,698.299988,708.049988,700.531921,288345
6/3/2020,713,713,696.5,701.349976,693.903015,251762
6/4/2020,702,709.75,697.650024,707.799988,700.284546,538192
6/5/2020,708,711.849976,700.650024,703.75,696.277588,268996
6/8/2020,708.950012,725.650024,704.400024,720.549988,712.89917,922283
6/9/2020,721.900024,729.400024,715.299988,717.75,710.128906,520552
6/10/2020,715,719.400024,709.599976,715.849976,708.249084,214885
6/11/2020,713.849976,716.200012,700.450012,703.599976,696.12915,467025
6/12/2020,680,694.799988,675.049988,692.099976,684.751221,513795
6/15/2020,695,704.150024,685.450012,687.25,679.952759,288823
6/16/2020,701,711.799988,699.150024,700.950012,693.507324,720249
6/17/2020,700.700012,710.200012,698.5,703.599976,696.12915,160592
6/18/2020,704,716.700012,704,713.849976,706.270325,375820
6/19/2020,713,713,701.099976,705.650024,698.15741,633929
6/22/2020,704.5,708.5,700,703.650024,696.17865,345887
6/23/2020,696.799988,724.299988,692.299988,720.450012,712.800232,388008
6/24/2020,719.950012,726.75,709.549988,714.200012,706.616638,837006
6/25/2020,705,705.400024,693.049988,699.599976,692.171631,633979
6/26/2020,706.900024,750.900024,706.900024,748.150024,740.206116,821530
6/29/2020,738.75,744.549988,730,731.450012,723.683472,327676
6/30/2020,734.400024,739,724.5,735.900024,728.086243,203743
7/1/2020,736,742.049988,730,732.5,724.72229,363835
7/2/2020,735.799988,765.049988,735.799988,756.299988,748.269592,534984
7/3/2020,756.599976,763.849976,752.549988,762.599976,754.502686,151985
7/6/2020,765,774.900024,762,763.75,755.640503,441476
7/7/2020,774,796.650024,766.299988,794.400024,785.965088,564766
7/8/2020,786.5,786.5,772.75,774.599976,766.375244,212793
7/9/2020,778,789.849976,775.099976,781.549988,773.251465,186954
7/10/2020,772,789.349976,772,781.799988,773.49884,220696
7/13/2020,790,804.900024,787.549988,796.700012,788.240601,275987
7/14/2020,795.650024,806.299988,781.450012,783.200012,774.883972,367334
7/15/2020,796.900024,848,795.349976,831.450012,822.621643,1272970
7/16/2020,900,952,890,910.900024,901.228088,3327650
7/17/2020,911,920,892.200012,904,894.401306,1728207
7/20/2020,904,945,904,933.549988,923.637512,797602
7/21/2020,945.900024,949.400024,929.349976,936.700012,926.754089,858147
7/22/2020,940,940,911.549988,919.400024,909.637817,481341
7/23/2020,916,916.549988,900.650024,908.849976,899.199768,790412
7/24/2020,904.700012,925.349976,903.950012,922.599976,912.803772,845525
7/27/2020,922.450012,952.450012,918.599976,947.950012,937.884644,548113
7/28/2020,947.950012,967.200012,941.900024,962.75,952.527466,652792
7/29/2020,953.450012,959.599976,943.75,953.849976,943.721985,519229
7/30/2020,960,972.5,958.650024,961.849976,951.637024,569279
7/31/2020,965,986,953.400024,966.25,955.990356,685429
8/3/2020,962.799988,965,947.75,957.349976,947.184814,292771
8/4/2020,959.700012,970,941.049988,950.099976,940.01178,353882
8/5/2020,950.25,960.650024,938.5,944.599976,934.57019,533690
8/6/2020,950,974.549988,942.75,969.200012,958.908997,585867
8/7/2020,970.849976,970.849976,949,950.75,940.654907,440768
8/10/2020,950.75,956.650024,945.599976,951.099976,941.00116,541207
8/11/2020,951.950012,961.950012,946.349976,948.200012,938.132019,504482
8/12/2020,950.5,958.75,942.299988,955.349976,945.206055,277192
8/13/2020,955.349976,968,948.799988,951.25,941.149597,265916
8/14/2020,955,963,952,953.5,943.375732,484478
8/17/2020,953.5,972.450012,953.5,957.5,947.333252,541115
8/18/2020,961.799988,969,958.75,967.150024,956.880798,108582
8/19/2020,970,971.700012,958,959.299988,949.114136,117800
8/20/2020,959,965,951.25,955.049988,944.909241,105929
8/21/2020,960.099976,963,946.700012,948.849976,938.775085,96628
8/24/2020,949.849976,951.950012,939.549988,947.200012,937.142639,298417
8/25/2020,946.450012,948.5,934.099976,938.349976,928.386536,221870
8/26/2020,938.549988,954,938.549988,950.799988,940.704346,328950
8/27/2020,960,960.549988,945.099976,946.400024,936.351135,321931
8/28/2020,950.099976,951.900024,933.099976,934.849976,924.923706,146816
8/31/2020,935,950.299988,915.75,928.5,918.641174,242821
9/1/2020,925,935,912.599976,914.299988,904.591919,131881
9/2/2020,917.900024,926.099976,914.299988,924.049988,914.238403,1627215
9/3/2020,925.75,949.150024,924,935.400024,925.467896,326429
9/4/2020,921.5,929.5,915.549988,919.25,909.48938,165556
9/7/2020,919.25,927.5,913.700012,924.650024,914.832092,177849
9/8/2020,929.700012,951.799988,926.450012,940.049988,930.068481,296135
9/9/2020,930,945.700012,926,928.299988,918.443298,346359
9/10/2020,935.900024,941.5,925.200012,939.950012,929.969604,229230
9/11/2020,936,953.849976,931.200012,945.400024,935.361755,151955
9/14/2020,949.5,991.049988,948.849976,977.950012,967.566101,652772
9/15/2020,979.950012,994,972,981.900024,971.474182,232236
9/16/2020,990.950012,1006,982.299988,1001.049988,990.420837,1413638
9/17/2020,996,1020.599976,994.650024,1010.650024,999.918884,370943
9/18/2020,1015.950012,1018.599976,999,1002.549988,991.904907,358949
9/21/2020,1000,1030.800049,1000,1009.299988,998.583191,478960
9/22/2020,1010.400024,1022.400024,991.5,1007.200012,996.505554,466321
9/23/2020,1016.349976,1037.099976,1001.549988,1019.650024,1008.823364,474419
9/24/2020,1008,1008,970.150024,975.349976,964.993652,283773
9/25/2020,985,1014.049988,976.900024,1011.049988,1000.314636,316411
9/28/2020,1014.900024,1016.299988,998.5,1009.5,998.781128,207259
9/29/2020,1018.950012,1028,1004.200012,1010.25,999.523132,261440
